0,Baeseungchan,scbae18@khu.ac.kr,2021105603,2002
1,Kelly Key,Venus@adipiscing.edu,908-424-2890,1950
2,Clark Schroeder,Nora@fames.gov,032-732-6308,1950
3,Elvis Cardenas,Brianna@tellus.edu,459-375-9187,1950
4,Rafael Estes,Ina@non.gov,576-640-9226,1950
5,Colin Lynn,Dale@Integer.com,344-674-6569,1951
6,Igor Beach,Caleb@morbi.net,114-126-1992,1951
7,Scott Holden,Yen@Integer.edu,384-074-3606,1951
8,Keegan Ayala,Tana@sociis.com,257-308-7675,1951
9,Amir Byers,Madeson@malesuada.us,931-925-0273,1951
10,Magee Malone,Anjolie@sapien.gov,359-150-6747,1951
11,Dolan Petty,Kim@convallis.edu,547-881-4488,1952
12,Wang Hebert,Hollee@lorem.net,605-014-6218,1952
13,Wayne David,Slade@sapien.edu,430-935-8698,1952
14,Colin Fernandez,Thaddeus@non.com,703-178-5883,1952
15,Holmes Blankenship,Marvin@accumsan.us,959-439-4036,1952
16,Ali French,Uriah@magnis.org,169-057-5893,1952
17,Josiah Burton,Sacha@Nullam.edu,373-811-5424,1953
18,Drew Skinner,Rashad@faucibus.net,981-655-9539,1953
19,Henry Wilcox,Dexter@nisl.gov,833-172-4578,1953
20,Nathan Riggs,Iris@aptent.com,639-354-7929,1953
21,Mufutau Rosa,Haviva@inceptos.gov,097-053-2704,1953
22,Channing Larson,Marny@dis.edu,238-527-1012,1953
23,Raphael Watkins,Libby@libero.com,865-048-2894,1954
24,Avram Cooper,Sandra@adipiscing.org,411-854-0502,1954
25,Drake Valentine,Lewis@eget.edu,160-817-8375,1954
26,Samuel Gallagher,Paloma@ornare.org,237-244-8752,1954
27,Adrian Carlson,Orlando@mattis.org,975-791-8098,1954
28,Harding Jarvis,Cathleen@molestie.org,423-612-1809,1954
29,Jackson Buckley,Phelan@nec.us,957-710-5308,1955
30,Wing Bush,Lee@eget.us,507-966-0978,1955
31,Hedley Dorsey,Paki@amet.us,295-623-3357,1955
32,Griffith Lindsay,Magee@ultricies.gov,769-005-9211,1955
33,Mason Stout,Dennis@vestibulum.us,030-445-7648,1955
34,Murphy Mckee,Hunter@Ut.edu,264-090-3648,1956
35,Colton Ford,Amena@vestibulum.org,671-939-9911,1956
36,Beck Pearson,Leila@penatibus.com,845-486-0693,1956
37,Noble Christensen,Nolan@varius.edu,758-964-2500,1956
38,Xanthus Puckett,Kylynn@aliquam.gov,436-942-8673,1956
39,Hakeem Bowers,Caldwell@placerat.net,913-873-5817,1956
40,Lucas Copeland,Emi@venenatis.edu,180-267-4872,1957
41,Harrison Cash,Uriel@imperdiet.us,094-153-0253,1957
42,Todd Mckay,Colin@Sed.edu,679-008-0050,1957
43,Caldwell Rosales,Julie@nulla.edu,357-852-2866,1957
44,Ciaran Owens,Samantha@taciti.edu,979-597-2939,1957
45,Harper Figueroa,Tashya@arcu.us,203-603-4571,1957
46,Zephania Yates,Duncan@et.net,029-550-1237,1958
47,Caleb Miranda,John@a.org,807-423-0633,1958
48,Simon Armstrong,Bertha@fringilla.com,654-978-8530,1958
49,Dale Holmes,Alfonso@lacus.com,424-044-2556,1958
50,Elton Lester,Colt@nunc.org,017-112-7662,1958
51,Valentine Joseph,Reese@dictum.edu,805-407-8672,1958
52,Drake Ochoa,Melinda@fermentum.gov,710-304-2797,1959
53,Robert Salas,Janna@convallis.edu,787-654-2964,1959
54,Ferris Kidd,Lysandra@adipiscing.gov,383-139-9577,1959
55,Justin Hart,Brynn@pede.org,119-751-3976,1959
56,Reed Holman,Karen@sociis.net,199-920-1769,1959
57,Kuame Cantu,Hedy@lacinia.edu,256-419-8919,1959
58,Adrian Carson,Stacy@tempus.net,703-777-1632,1960
59,Peter Hernandez,Georgia@Nulla.com,983-004-2955,1960
60,Raymond Forbes,Phelan@sed.edu,524-730-2862,1960
61,Tate Solis,Davis@fermentum.us,752-217-2232,1960
62,Valentine Butler,Brady@tellus.net,703-338-1357,1960
63,Lamar Chen,Preston@penatibus.edu,403-049-6981,1960
64,Macon Rush,Adrienne@Cras.org,104-937-1984,1961
65,Luke Beasley,Mufutau@elit.gov,310-387-3534,1961
66,Armando Faulkner,Amal@sociis.com,309-219-0012,1961
67,Barclay Clarke,Conan@ullamcorper.net,511-786-9310,1961
68,Tanek Craig,Rebekah@ullamcorper.gov,399-348-1631,1961
69,Caesar Estes,Chantale@massa.com,463-990-0451,1961
70,Ivor Levine,Irma@eleifend.us,489-527-6220,1962
71,Hall Patel,Denise@primis.org,217-626-4681,1962
72,Axel Fields,Herrod@at.gov,026-870-4410,1962
73,Geoffrey Wright,Kaitlin@parturient.org,609-652-9928,1962
74,Conan Glenn,Melyssa@ipsum.org,329-949-6399,1962
75,Giacomo Luna,Elliott@eleifend.us,979-165-4242,1962
76,Bruce Blackwell,Ima@pretium.net,572-526-5147,1963
77,Cullen Romero,Duncan@aptent.gov,527-724-8593,1963
78,Kato Bentley,Cody@aliquam.org,785-964-9335,1963
79,Brandon Walter,Kevyn@accumsan.edu,557-211-3460,1963
80,Benjamin Mcguire,Vernon@Duis.gov,913-670-1136,1963
81,Donovan Russo,Neil@Donec.gov,215-509-6514,1964
82,Conan Meyers,Charissa@varius.gov,227-846-2083,1964
83,Cedric Duke,Adrienne@lorem.com,443-645-8649,1964
84,Kareem Sanchez,Kuame@erat.org,828-727-5876,1964
85,Kibo Mayo,Avye@vitae.edu,948-903-4949,1964
86,Jack Mcdowell,Athena@Sed.gov,166-246-9158,1964
87,Porter Green,Deirdre@at.com,003-132-5247,1965
88,Hedley Fitzpatrick,Daria@pulvinar.gov,360-458-8120,1965
89,Addison Barrera,Adrian@ut.org,084-213-3936,1965
90,Brendan Mitchell,Joy@sit.gov,501-147-3326,1965
91,Hu Daniel,Merrill@Vivamus.com,702-544-9634,1965
92,Christian Massey,Patience@facilisi.com,867-249-6572,1965
93,Ian Jimenez,Hamish@laoreet.net,088-083-1467,1966
94,Ignatius Fitzpatrick,Dexter@in.gov,686-116-8366,1966
95,Gabriel Vargas,Kessie@ipsum.net,485-255-6636,1966
96,Nigel Yates,Malik@Cras.edu,134-226-3957,1966
97,Jonah Kent,Jana@nunc.us,034-272-9190,1966
98,Duncan Arnold,Scarlet@at.com,755-191-3372,1966
99,Orlando Shields,Ivory@scelerisque.us,747-164-4596,1967
100,Boris Estrada,Rosalyn@Proin.com,406-350-0623,1967
101,Castor Savage,Donovan@eget.gov,418-472-9496,1967
102,Tyrone Armstrong,Hilda@malesuada.com,404-721-1224,1967
103,Rigel Dalton,Stewart@nonummy.edu,222-268-5708,1967
104,Oleg Mccray,Carson@inceptos.edu,509-169-2093,1967
105,Ulric Bradshaw,Lee@cursus.net,731-688-7204,1968
106,Scott Russell,Lacey@elementum.gov,854-586-9765,1968
107,Akeem Wiley,Nell@arcu.gov,984-827-9560,1968
108,Herrod Garrison,Baxter@sociosqu.org,738-873-5744,1968
109,Dennis Leblanc,Ruth@tortor.org,390-916-4716,1968
110,Keane Robinson,Dara@dignissim.com,046-864-3591,1968
111,Isaiah Stevenson,Clayton@In.net,714-419-2937,1969
112,Allistair Ramirez,Tatum@Cum.gov,253-876-9471,1969
113,Gannon Rowe,Cameron@nascetur.us,962-226-5001,1969
114,Aquila Strong,Lucian@Morbi.org,423-516-7004,1969
115,Gabriel Hansen,Declan@fames.net,035-933-1503,1969
116,Reese Gibson,Gay@ipsum.edu,595-850-6008,1969
117,Lewis Deleon,Conan@tristique.us,998-351-2564,1970
118,Alec Emerson,Aretha@nunc.us,302-595-2714,1970
119,Cullen Harrell,Madeline@libero.org,977-062-4695,1970
120,Emery Stokes,Vera@Cras.us,878-098-9349,1970
121,Anthony Santiago,Louis@lorem.gov,419-037-6499,1970
122,Jermaine Ray,Josephine@convallis.us,987-333-9350,1970
123,Guy Taylor,Nayda@gravida.us,253-334-6796,1971
124,Holmes Dorsey,Ivy@pellentesque.com,118-893-0232,1971
125,Alexander Miller,Omar@sociis.net,482-661-3695,1971
126,Mark Baldwin,Porter@amet.net,866-602-6723,1971
127,Stuart Nunez,Noah@adipiscing.gov,796-362-1661,1971
128,Bernard Callahan,Anthony@placerat.org,061-805-1586,1972
129,Travis Carr,Thane@ullamcorper.com,939-640-0576,1972
130,Dale Marquez,Armand@massa.net,656-130-6731,1972
131,Amal Dejesus,Blaze@leo.gov,557-490-4280,1972
132,Tate Albert,Piper@Cum.net,174-527-6126,1972
133,Zahir Webb,Jermaine@Lorem.us,389-154-7436,1972
134,Ian Duncan,Jack@dolor.us,814-963-1003,1973
135,Matthew Mcneil,Elaine@Aliquam.com,942-295-9967,1973
136,Neil Bonner,Preston@lorem.us,026-221-2273,1973
137,Phelan Wiggins,Sybil@nostra.com,298-064-0679,1973
138,Gary Padilla,Zachary@dis.gov,135-645-6065,1973
139,Beck Griffin,Isabelle@viverra.edu,309-009-5095,1973
140,Elijah Pate,Galena@non.net,648-469-4108,1974
141,Marsden Whitaker,Amery@nunc.gov,204-712-4465,1974
142,Davis Joyner,Skyler@in.us,966-683-7594,1974
143,Uriah Schroeder,Kimberly@odio.edu,588-506-6627,1974
144,Ulysses Mann,Kelly@dui.net,307-778-5972,1974
145,Hamish Cervantes,Reuben@venenatis.us,799-691-7563,1974
146,Steel Beach,Teagan@placerat.us,116-496-8758,1975
147,Armand Williams,Herman@est.edu,124-779-6796,1975
148,Clinton Savage,Nicholas@Cum.us,251-378-4718,1975
149,Axel Hewitt,Dane@arcu.net,702-268-3132,1975
150,Ira Carroll,Harding@amet.us,096-896-0097,1975
151,Jelani Mathis,Alice@sapien.org,877-118-5180,1975
152,Zahir Davenport,Oscar@faucibus.gov,603-037-9156,1976
153,Alexander Rodriguez,Eleanor@Etiam.edu,786-497-8882,1976
154,Edan Nichols,Serena@augue.us,509-601-7552,1976
155,Brian Morse,Burton@sociosqu.com,761-315-9076,1976
156,Nasim Bruce,Cynthia@sociis.gov,619-077-9026,1976
157,Sylvester Cantrell,Noel@eros.edu,186-802-3084,1976
158,Conan Wilcox,Hadley@dignissim.net,764-665-3571,1977
159,Drake Murray,Connor@Maecenas.edu,409-577-9493,1977
160,Gray Lawrence,Madison@consectetuer.us,530-335-0840,1977
161,Clark Kane,Nathaniel@hendrerit.us,287-047-5955,1977
162,Rajah Watts,Walter@massa.net,180-896-6658,1977
163,Aidan Fuentes,Zelenia@sapien.com,323-186-2822,1977
164,Baker Turner,Herrod@imperdiet.us,597-478-4844,1978
165,Gareth Espinoza,Xanthus@montes.org,508-420-9403,1978
166,Noah Mendez,Inga@scelerisque.com,984-103-7033,1978
167,Isaiah Gates,Dorothy@elementum.gov,108-281-8968,1978
168,Ulysses Joseph,Scott@netus.edu,864-325-6937,1978
169,Camden Lyons,Lucy@velit.org,117-586-4413,1978
170,Carl Guthrie,Ezekiel@vel.net,815-297-6502,1979
171,Warren Church,Warren@Curabitur.edu,440-377-0128,1979
172,Nigel Turner,Ashely@hendrerit.edu,242-162-0843,1979
173,Daquan Stephenson,Christian@semper.org,445-631-4114,1979
174,John Fitzpatrick,Brynn@gravida.gov,764-982-2467,1979
175,Lawrence Pittman,Janna@rutrum.us,315-438-4013,1980
176,Ignatius Garza,Cadman@risus.gov,071-467-0974,1980
177,Jack Small,Adele@massa.com,723-027-5036,1980
178,Carlos Webster,Evangeline@scelerisque.us,772-491-9747,1980
179,Ray Benton,Brenda@blandit.org,136-213-5544,1980
180,Calvin Potter,George@at.net,574-419-3111,1980
181,Brenden Lloyd,Hu@semper.gov,099-506-1871,1981
182,Vernon Hubbard,Otto@vulputate.us,679-651-1493,1981
183,Peter Robertson,Ursula@vel.gov,913-375-5124,1981
184,Xenos Shepard,Nerea@nulla.edu,278-534-9316,1981
185,Rudyard Fletcher,Murphy@primis.edu,597-228-0468,1981
186,Hedley Compton,Morgan@lacinia.gov,121-559-2647,1981
187,Fitzgerald Miles,Faith@elit.edu,813-508-9000,1982
188,Odysseus Randall,Fletcher@Quisque.net,263-853-6667,1982
189,Jackson Rhodes,Chase@dapibus.com,454-816-3685,1982
190,Jelani Le,Sigourney@velit.us,172-579-9378,1982
191,Cullen Lynn,Wesley@velit.edu,240-403-4055,1982
192,Connor Pacheco,Claudia@leo.net,744-282-4277,1982
193,Phillip Mcclure,Craig@interdum.gov,644-745-0510,1983
194,Adrian Joyce,Fritz@turpis.net,048-023-5482,1983
195,Kennan Davidson,Nigel@nibh.gov,560-611-7069,1983
196,Damon Hester,Aristotle@venenatis.org,167-907-4335,1983
197,Castor Hurst,Maris@venenatis.net,187-853-3252,1983
198,Wang Morris,Allistair@velit.com,949-946-9692,1983
199,Raymond Shaffer,Candice@Pellentesque.net,053-897-6508,1984
200,Lance Le,Rebecca@orci.org,090-849-1710,1984
201,Xanthus Snyder,Brittany@Class.us,868-536-2411,1984
202,Henry Maxwell,Murphy@Phasellus.com,079-274-1772,1984
203,Mason Hester,Amery@nunc.edu,012-254-4665,1984
204,Jared Craft,Janna@sodales.net,323-289-2590,1984
205,Wallace Cameron,Giacomo@mollis.net,234-158-2407,1985
206,Carter Adkins,Amos@fermentum.com,735-607-1940,1985
207,Dolan Brady,Oprah@dui.edu,914-529-2491,1985
208,Zeus England,Graiden@elementum.gov,922-772-8771,1985
209,Gage Robinson,Laith@rutrum.com,076-862-7948,1985
210,Raphael Strong,Dale@montes.com,988-672-4981,1985
211,Jesse Walter,Dane@turpis.edu,953-528-3480,1986
212,Cedric Duffy,Eric@Class.org,258-605-6465,1986
213,Talon Elliott,Mariko@Ut.org,720-631-5970,1986
214,Burke Moss,Liberty@placerat.org,511-460-1845,1986
215,Ashton Patel,Gemma@blandit.edu,708-850-6272,1986
216,Kennan Weeks,Madonna@egestas.org,714-388-5676,1986
217,Tyler Key,Jescie@est.com,449-594-5922,1987
218,Ira David,Zenaida@eget.edu,356-988-8022,1987
219,Wyatt Huff,Wynne@laoreet.org,973-550-8268,1987
220,Wing Perkins,Jocelyn@pretium.com,313-159-2789,1987
221,Emery Hooper,Xander@vel.edu,657-664-2467,1987
222,Curran Maynard,Isadora@Suspendisse.org,600-685-1754,1988
223,Jakeem Garner,Damon@turpis.gov,408-429-4954,1988
224,Denton Slater,Barbara@adipiscing.us,125-763-4404,1988
225,Kermit Levy,Shaine@dolor.gov,758-154-1198,1988
226,Xanthus Morrow,Urielle@Maecenas.gov,285-351-6991,1988
227,Ryan Gilliam,Rajah@vulputate.org,473-766-4643,1988
228,Baker Clayton,Erica@fringilla.com,655-094-1825,1989
229,Craig Mathis,Amery@porta.org,212-840-4513,1989
230,Lars Paul,Donna@lectus.gov,345-792-7492,1989
231,Nehru Duncan,Willow@purus.gov,918-918-8784,1989
232,Justin Massey,Nissim@enim.edu,274-909-2984,1989
233,Gavin Roth,Noble@tempus.us,752-364-4287,1989
234,Samson Zamora,Wayne@Morbi.com,615-118-0625,1990
235,Lamar Mckenzie,Priscilla@venenatis.net,424-902-9134,1990
236,Thane Burns,Mia@lacus.org,941-466-4274,1990
237,Harper Shelton,Ali@dapibus.net,494-024-5127,1990
238,Jacob Clay,Jeanette@vulputate.gov,420-925-2261,1990
239,Gareth Barron,Asher@nibh.edu,693-402-6539,1990
240,Donovan Cruz,Madison@gravida.net,625-957-7041,1991
241,Wade Moran,Trevor@eu.com,445-673-8287,1991
242,Ali Miranda,Cyrus@pulvinar.edu,304-740-9935,1991
243,Wyatt Cardenas,Kato@euismod.gov,088-038-0885,1991
244,Abbot Charles,Walker@Nulla.edu,820-676-1469,1991
245,Devin Castillo,Bevis@Mauris.us,773-432-9349,1991
246,Maxwell Reid,Mollie@risus.net,368-311-7578,1992
247,Charles Cochran,Sage@suscipit.com,943-152-9597,1992
248,Fritz Washington,Rashad@scelerisque.edu,661-677-9139,1992
249,Cadman Morales,Erica@elit.edu,721-559-0153,1992
250,Forrest Gentry,Donna@Curae.com,560-664-5637,1992
251,Stone Thomas,Kiayada@Etiam.edu,155-787-7046,1992
252,Raphael Blake,Rudyard@Nunc.us,795-406-5267,1993
253,Zachary Serrano,Tucker@turpis.gov,844-811-6893,1993
254,Theodore Armstrong,Patrick@elit.org,189-886-9518,1993
255,Malcolm Fuller,Hamish@a.us,441-897-0643,1993
256,Uriah Fowler,Hayfa@Maecenas.com,020-163-5669,1993
257,Amos Henry,Minerva@lorem.org,020-112-9681,1993
258,Harding Meyer,Cheyenne@id.us,967-916-1546,1994
259,Roth Shelton,Jesse@ipsum.us,176-997-5625,1994
260,Chaim Haney,Hayden@ultrices.org,010-652-9919,1994
261,Barry Everett,Honorato@viverra.net,867-328-2831,1994
262,Craig Smith,Anastasia@mauris.com,646-732-8281,1994
263,Rashad Mckinney,Hashim@magnis.us,028-487-7841,1994
264,Noah Butler,Joelle@In.org,265-862-6109,1995
265,Geoffrey Bray,Brenda@sem.edu,400-449-3117,1995
266,Tucker Ramos,Nola@Lorem.net,665-895-7670,1995
267,Ira Vang,Gloria@feugiat.net,955-835-2522,1995
268,Ezekiel Craig,Drake@eu.org,617-102-3297,1995
269,Dolan Clayton,Cynthia@dolor.us,266-620-7953,1995
270,Levi Petersen,Zachary@vel.us,295-333-7445,1996
271,Ashton Dickson,Stacy@eget.net,836-389-3462,1996
272,Paki Adams,Connor@neque.org,405-215-1879,1996
273,Isaiah Fischer,Akeem@Pellentesque.us,542-237-3906,1996
274,Ross Rasmussen,Hanae@placerat.edu,552-880-9647,1996
275,Leroy Atkins,Mari@sit.org,048-917-6368,1997
276,Alvin Howe,Avye@nascetur.net,449-824-8690,1997
277,Phelan Savage,Kato@scelerisque.edu,097-317-2855,1997
278,Price Crane,Kasper@massa.org,645-006-4940,1997
279,Kuame Johnston,Wyoming@scelerisque.org,978-328-0944,1997
280,Perry Goodwin,Magee@tincidunt.org,680-768-2421,1997
281,Bernard Benton,Donna@leo.org,171-977-6356,1998
282,Henry Clayton,Sybil@felis.us,207-938-8688,1998
283,Stewart Horn,Hermione@semper.net,659-205-1456,1998
284,Yuli Colon,Ishmael@Pellentesque.edu,683-787-4693,1998
285,Tate Rutledge,Talon@faucibus.com,684-542-3014,1998
286,Josiah Rosales,Blake@porttitor.us,902-338-0886,1998
287,Brody Slater,Tucker@lectus.us,460-862-1550,1999
288,Seth Rutledge,Odysseus@sociis.org,288-276-8230,1999
289,Gregory Hardy,Tanek@ad.net,514-395-6838,1999
290,Ferris Horn,Porter@laoreet.edu,408-623-8368,1999
291,Samuel Callahan,Karina@nulla.us,551-765-5781,1999
292,Eric Richmond,Raja@porttitor.net,533-334-5928,1999
293,Roth Mccall,Carl@lectus.org,530-812-8258,2000
294,Ciaran English,Craig@rhoncus.net,860-578-2850,2000
295,Russell Oneill,Amy@a.us,188-351-4268,2000
296,Ronan Bryant,Amal@egestas.com,339-324-1083,2000
297,Bruno Alston,Illiana@mauris.org,409-606-8550,2000
298,Isaac Delacruz,Bree@orci.us,159-606-1498,2000
299,Carter Kelly,Isaiah@Cum.us,385-710-8133,2001
300,Donovan Reeves,Rhonda@scelerisque.org,971-834-8561,2001
301,Alika Rivas,Yoshi@aliquam.us,021-443-0682,1950
302,Sacha Wall,Yvette@erat.org,433-102-9277,1950
303,Raya Hampton,Martina@malesuada.com,478-762-8984,1950
304,Belle Reyes,Sierra@sodales.net,930-000-5889,1950
305,Brooke Munoz,William@montes.com,573-552-0754,1950
306,Tanisha Wolf,Clinton@varius.edu,369-236-7140,1951
307,Quintessa Franklin,Audrey@mattis.net,977-781-3835,1951
308,Charissa Cobb,Regan@Vivamus.net,618-483-1616,1951
309,Susan Mathis,Cody@tincidunt.edu,726-654-4316,1951
310,Cynthia Hurley,Miriam@arcu.edu,305-573-4564,1951
311,Melodie Dawson,Stacey@nostra.us,694-557-8383,1951
312,Charlotte Webb,Phelan@rutrum.org,542-155-7242,1951
313,Melyssa Jones,Delilah@Duis.edu,023-851-0936,1951
314,Yuri Jacobson,Shea@ante.gov,371-921-0474,1952
315,Kellie Barton,Hyacinth@urna.edu,236-217-0356,1952
316,Camille Glass,Hedley@adipiscing.gov,448-528-3198,1952
317,Reagan Roberts,Echo@Integer.edu,324-062-4567,1952
318,Chelsea Bray,Willow@sem.net,288-181-8604,1952
319,Lesley Benson,Laura@eleifend.net,685-365-3310,1952
320,Denise Matthews,Hannah@facilisis.org,212-992-5826,1952
321,Lillith Lucas,Ulric@varius.com,365-702-7433,1952
322,Brittany Bradshaw,Rina@Duis.us,927-758-6053,1953
323,Cecilia Davidson,Donovan@posuere.org,764-601-4599,1953
324,Emma Cunningham,Yetta@augue.org,495-345-8164,1953
325,Pamela Hays,Wilma@lorem.net,160-794-1256,1953
326,Sandra Andrews,Shaeleigh@mauris.net,671-876-8210,1953
327,Shafira Moss,Len@sociosqu.com,243-622-5454,1953
328,Carla Douglas,Nigel@est.com,239-263-9162,1953
329,Angela Strickland,Alma@id.edu,978-857-3312,1953
330,Chanda Marks,Stewart@consequat.org,058-713-8690,1954
331,Amelia Alvarado,Timon@nec.us,056-404-4359,1954
332,Samantha Riddle,Alvin@purus.net,114-078-3425,1954
333,Chava Guzman,Igor@condimentum.us,675-302-8631,1954
334,Nita Golden,Brynn@hendrerit.org,719-055-8234,1954
335,Zelenia Powell,Denise@faucibus.edu,197-930-2848,1954
336,Aileen Zamora,Declan@dui.com,182-923-6770,1954
337,Dana Curtis,Burton@mus.com,336-130-4252,1954
338,Leslie Acevedo,Yuli@Curae.us,396-952-2432,1955
339,Adena Bradford,Price@venenatis.us,564-240-9076,1955
340,Shannon Mckenzie,Wynter@posuere.net,282-732-1053,1955
341,Katell Dunlap,Sonya@quis.org,111-197-6166,1955
342,Blossom Alford,Boris@molestie.org,440-720-9943,1955
343,Bo Vincent,Aurora@tempor.edu,155-843-8482,1955
344,Avye Koch,Tad@faucibus.us,977-525-6648,1955
345,Barbara Knowles,Magee@aliquam.org,524-174-8629,1955
346,Yuri Nixon,Keegan@morbi.edu,070-721-0736,1956
347,Abra Dotson,Penelope@taciti.org,659-894-5363,1956
348,Whoopi Barrera,Deacon@per.us,441-523-9048,1956
349,Kathleen Langley,Xyla@massa.org,659-861-9609,1956
350,Lucy Kennedy,Kalia@laoreet.com,431-927-6847,1956
351,Hope Fernandez,Baker@justo.net,343-610-0398,1956
352,Ila Goodman,Dante@consequat.com,739-121-3784,1956
353,Penelope Ochoa,Carolyn@lectus.net,330-949-9264,1956
354,Kimberley Larson,Petra@hymenaeos.gov,182-309-2405,1957
355,Rhonda Clayton,Deirdre@condimentum.com,547-516-4725,1957
356,Kalia Drake,Beau@Maecenas.org,567-912-1942,1957
357,Sonia Vaughn,Myra@Donec.com,804-091-2161,1957
358,Kyra Warren,Imani@placerat.org,703-696-6032,1957
359,Nevada Langley,Hanna@magna.net,291-731-7772,1957
360,Giselle Levine,Ishmael@pharetra.gov,092-528-5807,1957
361,Ifeoma Butler,Tyler@luctus.org,854-385-1287,1958
362,Sarah Smith,Petra@et.us,430-390-1811,1958
363,Rowan Woods,Stone@Proin.edu,769-603-7732,1958
364,Xantha Sampson,Savannah@primis.gov,821-105-7072,1958
365,Mary Swanson,Ivory@eu.edu,783-305-5442,1958
366,Eve Delacruz,Naida@id.net,883-584-0321,1958
367,Noelle Salazar,Winifred@mauris.com,531-429-1760,1958
368,Kyra Hampton,Urielle@Nunc.com,907-531-3069,1958
369,Astra Duffy,Abigail@egestas.com,534-616-4329,1959
370,Kameko Knox,Bianca@eget.org,769-640-0042,1959
371,Nevada Ewing,Gregory@nascetur.us,674-715-8042,1959
372,Leigh William,Adena@morbi.org,394-161-1669,1959
373,Eugenia Oconnor,Clare@ad.edu,725-904-0851,1959
374,Audrey Farley,Graham@fringilla.edu,462-004-9564,1959
375,Zelenia Hoffman,Colby@tristique.com,808-869-9639,1959
376,Yael Rich,Gemma@vehicula.org,762-633-0333,1959
377,Cherokee West,Andrew@ornare.com,592-412-5994,1960
378,Zia Gilbert,Burton@nibh.org,015-632-6747,1960
379,Megan Adams,Aquila@ridiculus.net,188-409-0349,1960
380,Deirdre Peterson,Pascale@tortor.net,837-424-6525,1960
381,Charity Harvey,Perry@fermentum.edu,407-580-6600,1960
382,Ciara Rosales,Bethany@nascetur.net,736-765-8412,1960
383,Ariana Howell,Asher@hendrerit.edu,183-212-8969,1960
384,Kylan Hayes,Nell@ornare.edu,998-034-0664,1960
385,Germaine Mitchell,Hop@tempus.gov,399-990-7145,1961
386,Kimberley Vance,Lareina@dictum.gov,652-834-7981,1961
387,Gail Clements,Porter@a.org,404-679-2554,1961
388,Denise Armstrong,Isadora@eleifend.us,805-724-6813,1961
389,Courtney Holden,Preston@suscipit.edu,789-571-0596,1961
390,Tanisha Francis,Savannah@condimentum.org,792-255-1821,1961
391,Anjolie Vargas,Keith@gravida.us,338-278-3067,1961
392,Serena Kane,Raja@accumsan.net,682-247-2781,1961
393,Farrah Hudson,Eric@Proin.org,545-467-3850,1962
394,Imani Juarez,Stephen@Ut.org,983-776-8983,1962
395,Erin Nunez,Cally@venenatis.org,592-703-3354,1962
396,Dai Bennett,Vielka@elementum.com,499-614-8312,1962
397,Buffy Drake,Nasim@penatibus.net,103-192-4069,1962
398,Rhonda Hendrix,Whilemina@Integer.us,832-989-7707,1962
399,Haviva Blanchard,Lysandra@adipiscing.com,880-584-9921,1962
400,Olympia Burns,Moses@Cras.edu,529-505-2729,1962
401,Rhea Wall,Yardley@velit.edu,712-350-1572,1963
402,Sylvia Atkins,Lewis@arcu.gov,096-351-5369,1963
403,Amela Watts,Belle@nibh.net,682-557-1438,1963
404,Maris Williams,Jasper@lacinia.org,280-484-7631,1963
405,Irma Fulton,Charissa@dictum.org,598-663-3302,1963
406,Gemma Rodriguez,Buckminster@semper.gov,210-322-9268,1963
407,Xandra Kim,Lucas@sagittis.gov,344-473-6312,1963
408,Angela Drake,Silas@vulputate.com,328-277-7321,1964
409,Janna Delaney,Seth@vestibulum.com,048-747-7825,1964
410,Vielka Hull,Ray@Donec.edu,602-997-0035,1964
411,Myra Donovan,Rudyard@scelerisque.org,049-029-2163,1964
412,Karyn Bonner,Hashim@euismod.us,729-646-1949,1964
413,Martena Gay,Nicholas@scelerisque.net,609-427-2295,1964
414,McKenzie Burnett,Chelsea@feugiat.org,079-853-7022,1964
415,Nina Adkins,Kato@cursus.us,768-960-1547,1964
416,Kiara Clark,Alisa@varius.com,802-145-4119,1965
417,Hayley Spears,Harriet@magna.edu,806-379-1972,1965
418,Keiko Walls,Theodore@augue.com,084-428-4672,1965
419,Halla Cole,Salvador@Duis.org,430-854-4973,1965
420,Oprah Witt,Roary@Phasellus.edu,492-079-1187,1965
421,Nichole Medina,Carolyn@viverra.org,754-028-1277,1965
422,Samantha Berry,Laith@justo.net,016-215-0941,1965
423,Kylie Hooper,Shellie@Proin.com,809-903-2967,1965
424,Priscilla Madden,Stacy@cursus.us,649-526-6768,1966
425,Savannah Bean,Gemma@sapien.us,225-169-1316,1966
426,Kelsie Rios,Talon@fames.us,104-518-3834,1966
427,Gay Coffey,McKenzie@sem.gov,660-805-8056,1966
428,September Buckner,Ezra@consectetuer.org,832-816-2799,1966
429,Lee Barrett,Jonas@quam.com,415-261-1740,1966
430,Jillian Franco,Bethany@nascetur.org,664-049-9622,1966
431,Jessamine Waller,Asher@facilisis.edu,844-857-6091,1966
432,Nelle Floyd,Alfreda@conubia.edu,811-322-5713,1967
433,Meghan Willis,Acton@Proin.edu,727-578-9631,1967
434,Carla Stevens,Lucian@convallis.org,842-123-1097,1967
435,Buffy Castaneda,Jayme@id.net,337-999-5649,1967
436,Marah Gomez,Kareem@arcu.net,305-370-8416,1967
437,Deborah Myers,Ivor@primis.net,727-062-2409,1967
438,Gay Witt,Dylan@consectetuer.edu,854-711-7331,1967
439,Lael Matthews,Fritz@rutrum.com,457-657-7509,1967
440,Felicia Ramos,Randall@accumsan.us,273-247-5795,1968
441,Yoko Finch,Britanney@et.us,553-599-0191,1968
442,Susan Hart,Lacey@Pellentesque.edu,870-197-5999,1968
443,Georgia Kirby,Kane@condimentum.gov,619-421-5281,1968
444,Scarlet Gill,Kimberley@ac.edu,264-141-9025,1968
445,Maya Moreno,Owen@rutrum.org,064-641-8434,1968
446,Glenna Jennings,Eve@ipsum.gov,681-175-5936,1968
447,Alexa Aguirre,Veronica@molestie.edu,511-115-1387,1968
448,Sandra Ball,Nicholas@est.com,338-879-0611,1969
449,Callie Holmes,Aline@sem.com,691-223-3821,1969
450,Lynn Vance,Derek@Pellentesque.gov,253-055-7804,1969
451,Diana Baird,Rebekah@bibendum.org,215-020-6026,1969
452,Destiny Mcgee,Destiny@magna.edu,535-822-3389,1969
453,Shafira Koch,Shaine@nunc.net,391-808-7810,1969
454,Camille Mcgowan,MacKensie@feugiat.com,367-601-5927,1969
455,Oprah Sears,Orson@parturient.net,986-092-3846,1970
456,Britanney Stuart,Stacy@per.us,072-964-4264,1970
457,Colleen Copeland,Kenneth@nascetur.edu,550-171-0393,1970
458,Mikayla Lambert,Guy@natoque.gov,501-173-8812,1970
459,Macey Washington,Wallace@Vestibulum.com,475-604-1902,1970
460,Carla Miller,Berk@placerat.org,276-491-8530,1970
461,Giselle Ewing,Branden@nisi.org,674-590-8670,1970
462,Hayfa Reid,Cameron@mus.gov,317-663-8102,1970
463,Candice Odonnell,Brady@imperdiet.gov,362-945-7057,1971
464,Molly Cook,Tobias@lobortis.com,227-333-8634,1971
465,Demetria Bates,Kuame@non.org,918-153-0065,1971
466,Stephanie Flores,Walker@Integer.com,069-385-5506,1971
467,Paloma Weeks,Rhoda@metus.com,219-582-1897,1971
468,Linda Perry,Sonia@Phasellus.net,610-973-3590,1971
469,Dacey Donaldson,Russell@magnis.us,438-172-0889,1971
470,Ila Hunt,Rashad@elementum.org,606-496-9779,1971
471,Destiny Finch,Summer@dolor.edu,540-434-5587,1972
472,Keely Hamilton,Mariko@consequat.gov,403-319-5437,1972
473,Ifeoma Tucker,Fuller@pellentesque.org,480-462-0439,1972
474,Iola Rodriquez,Brody@ullamcorper.org,403-804-7692,1972
475,Delilah Strickland,Xavier@nonummy.com,487-827-5770,1972
476,Alexa Hancock,May@Fusce.org,230-596-2784,1972
477,Cecilia Mcfadden,Donna@sapien.edu,604-632-2873,1972
478,Ivana Holland,Vladimir@rutrum.us,080-248-5135,1972
479,Glenna Woodward,Demetria@dis.org,179-475-7139,1973
480,Sigourney Mcdowell,Reed@metus.net,141-827-3560,1973
481,Kirsten Montgomery,Jack@Maecenas.edu,370-478-7313,1973
482,Elizabeth Randall,Kaseem@diam.edu,063-456-2354,1973
483,Wynne Horton,Yael@lobortis.com,188-868-8635,1973
484,Zenaida Sargent,Rachel@elit.edu,222-349-6271,1973
485,Vielka Hanson,Harding@Donec.gov,145-500-9248,1973
486,Eleanor Stephens,Clementine@ullamcorper.us,028-324-8482,1973
487,Amy Combs,Ian@natoque.com,559-264-8194,1974
488,Sierra Rivas,Wayne@tempus.net,341-149-9026,1974
489,Joelle Workman,Perry@nascetur.edu,108-768-6055,1974
490,Cassidy Stein,Rogan@ultricies.net,534-851-2473,1974
491,Jessica Bates,Kasimir@taciti.com,047-743-7900,1974
492,Joelle Cruz,Knox@nibh.gov,230-639-5075,1974
493,Kameko Vaughan,Reagan@facilisis.edu,624-475-0002,1974
494,Ivory Rojas,Calista@quis.org,958-049-5035,1974
495,Rhonda Sears,Abra@ridiculus.org,455-880-2967,1975
496,Violet Singleton,Bert@vulputate.edu,763-115-2955,1975
497,Haviva Hale,Cleo@vitae.com,803-505-8503,1975
498,Mariko Noble,Henry@Curae.com,909-089-1850,1975
499,Mikayla Acevedo,Kylie@nunc.net,056-353-0091,1975
500,Idola Riggs,Jessica@malesuada.net,988-060-6654,1975
501,Lacy Hardy,Drew@fermentum.us,338-790-4083,1975
502,Ella Michael,Gannon@blandit.net,865-089-6530,1976
503,Hayley Sellers,Amir@Cras.net,489-317-0295,1976
504,Laurel Washington,Tarik@felis.us,690-713-8072,1976
505,Miriam Cardenas,Carl@convallis.com,733-899-4309,1976
506,Virginia Knox,Rinah@torquent.us,990-847-6389,1976
507,Haviva Cherry,Harper@montes.us,377-133-9399,1976
508,Mia Hinton,Damon@Class.us,112-201-0089,1976
509,Zelenia Sheppard,Callie@Quisque.gov,668-243-4212,1976
510,Adria Shannon,Otto@Praesent.edu,414-485-8378,1977
511,Erin Christian,Cade@ut.org,711-861-0253,1977
512,Miranda Haynes,Aladdin@mus.us,369-858-8836,1977
513,Molly Wall,Silas@aptent.com,576-517-9536,1977
514,Savannah Bass,Quintessa@lorem.us,420-022-7159,1977
515,Haley Spence,Darryl@risus.edu,265-939-0297,1977
516,Bertha Williamson,Tucker@eleifend.net,882-828-2223,1977
517,Leah Malone,Rachel@nibh.us,141-532-5963,1977
518,Wanda Butler,Patience@eleifend.com,253-163-2230,1978
519,Alexis Valentine,Jolene@dapibus.org,523-165-2341,1978
520,Reagan Mason,Cassidy@quam.edu,733-621-2211,1978
521,Mara Davenport,Keiko@nec.com,607-028-4620,1978
522,Chava Gordon,Dora@congue.net,589-834-9283,1978
523,Jenette Allen,Paki@at.com,945-706-3166,1978
524,Zelenia Davenport,Ora@tristique.net,274-959-5334,1978
525,Fredericka Garner,Paula@ridiculus.us,231-154-3072,1978
526,Jessica May,Judith@dictum.edu,799-086-7696,1979
527,Lara Aguirre,Merritt@aptent.edu,035-572-4622,1979
528,Sage Ferrell,Jarrod@Curae.edu,447-124-2920,1979
529,Pascale Velez,Talon@luctus.edu,633-332-7412,1979
530,Eliana Best,Mark@ornare.org,726-360-1010,1979
531,Hadassah Reyes,Macaulay@parturient.edu,715-528-8148,1979
532,Maggie Emerson,Ferdinand@posuere.gov,601-073-7567,1979
533,Desiree Larson,Kirk@In.us,376-427-8790,1979
534,Latifah Becker,Helen@Integer.org,649-895-8973,1980
535,Alfreda Whitfield,Sybil@litora.com,280-517-4213,1980
536,Linda Barlow,Pamela@mattis.us,850-847-5175,1980
537,Larissa Hansen,Lael@consequat.edu,779-915-2360,1980
538,Kellie Glover,Martin@Lorem.net,942-466-6471,1980
539,Kim Allison,Damian@eros.org,223-433-9288,1980
540,Cherokee Lambert,Barry@massa.edu,113-524-2265,1980
541,Selma Carpenter,Merrill@porta.com,114-001-5060,1980
542,Noelle Winters,Hakeem@eu.edu,565-859-8943,1981
543,Montana Haley,Mason@dictum.us,795-769-9903,1981
544,Amaya Osborne,Xavier@dolor.edu,036-201-4795,1981
545,Rhonda Mcguire,Garth@placerat.com,294-150-5257,1981
546,Jillian Saunders,Carter@ullamcorper.gov,128-485-2628,1981
547,Ora Shields,Otto@sem.com,447-380-8212,1981
548,Raya Sanders,Carla@hymenaeos.edu,878-481-9768,1981
549,Tanisha Robinson,Rudyard@suscipit.com,832-222-8038,1982
550,Mia Jensen,Ira@ante.com,631-803-0191,1982
551,Yetta Simpson,Lara@nostra.com,745-477-0952,1982
552,Meredith Carrillo,Ulric@est.org,015-818-4557,1982
553,Camille Bennett,Ryan@Cras.org,134-851-9585,1982
554,Whilemina Hurley,Amena@accumsan.com,925-833-0197,1982
555,Venus Armstrong,Grady@suscipit.us,275-011-9087,1982
556,Cara Solis,Cynthia@conubia.org,615-958-2420,1982
557,Selma Blackburn,Rebekah@dictum.us,310-298-0777,1983
558,Melissa Johnson,Luke@eget.net,816-924-9433,1983
559,Melodie Moses,Uriel@ad.com,492-394-5203,1983
560,Quyn Langley,Shelly@Nulla.gov,018-458-8775,1983
561,Ayanna Boyle,Willow@adipiscing.us,969-743-9079,1983
562,Belle Oneal,Cooper@consectetuer.org,846-733-6647,1983
563,Belle Farmer,Velma@massa.net,365-267-6335,1983
564,Pascale Wolf,Carter@magnis.org,477-092-6304,1983
565,Illana Hartman,Graiden@rutrum.us,749-327-8462,1984
566,Doris Roberson,Tallulah@varius.edu,840-084-8407,1984
567,Jolene Ramsey,Colin@pretium.us,004-419-5267,1984
568,Quin Gray,Vladimir@massa.com,741-255-7749,1984
569,Hadley Olsen,Quail@sollicitudin.com,399-713-7814,1984
570,Tamara Guerra,Kenyon@Ut.us,731-281-0199,1984
571,Sophia Chambers,Erich@dolor.edu,911-087-4068,1984
572,September Morgan,Mark@at.com,592-027-9254,1984
573,Sopoline Garrison,Rahim@Maecenas.net,126-181-1670,1985
574,Kiayada Yang,Uta@tempus.net,023-868-4158,1985
575,Amena Terrell,Chaney@Nunc.org,071-486-7997,1985
576,Fallon Dean,Shafira@ipsum.net,039-854-4514,1985
577,Rina Harrell,Anjolie@Aliquam.com,051-902-7649,1985
578,Kiona Glenn,Ciaran@adipiscing.gov,079-440-8039,1985
579,Hyacinth Gallagher,Chancellor@pulvinar.org,051-934-5139,1985
580,Carissa Ayers,Dorothy@mattis.us,554-443-6196,1985
581,Kelsey Valenzuela,Bruno@malesuada.edu,642-372-3063,1986
582,Harriet Mills,Kyla@quis.com,545-362-8532,1986
583,India Kelley,Lamar@nunc.org,718-543-8498,1986
584,Joelle Hood,Jaime@Class.us,289-492-3516,1986
585,Jescie Reynolds,Tatiana@dolor.com,112-834-4519,1986
586,Imelda Miller,Jennifer@dolor.gov,195-848-8911,1986
587,Harriet Kirkland,Lillian@quis.net,900-081-0361,1986
588,Gail Harrell,Tamekah@enim.net,038-606-1727,1986
589,Dorothy Cortez,Alika@auctor.gov,965-870-4747,1987
590,Simone Rush,Jerry@Pellentesque.net,316-255-6156,1987
591,Naida Maddox,Lydia@Donec.gov,562-112-3270,1987
592,Daryl Watts,Quon@diam.org,996-012-5651,1987
593,Tamekah Clark,Aquila@bibendum.edu,104-835-7068,1987
594,Mari Hahn,Susan@tempus.us,265-499-0943,1987
595,Debra Sanchez,Halee@ligula.net,996-942-4265,1987
596,Sandra Ratliff,Bernard@fringilla.net,193-960-9032,1988
597,Jael Giles,Uta@enim.com,925-270-5493,1988
598,Laurel Rutledge,Porter@Pellentesque.gov,045-914-3248,1988
599,Mia Ingram,Claire@dis.edu,956-795-0328,1988
600,Sopoline Bird,Uriel@Curae.com,680-424-4546,1988
601,Amanda Workman,Branden@fringilla.com,141-707-8775,1988
602,Illiana Reid,Daniel@Class.org,812-398-8304,1988
603,Lael Anthony,MacKenzie@enim.org,090-072-9980,1988
604,Camille Tyler,Solomon@pretium.org,102-192-8157,1989
605,Sharon Wright,Naomi@Maecenas.edu,182-494-8353,1989
606,Alika Henson,Evangeline@metus.com,345-038-7791,1989
607,Ainsley Beard,Leilani@aliquet.com,740-146-8683,1989
608,Alisa Briggs,Mason@Sed.edu,233-278-9925,1989
609,Kirsten Stuart,Violet@faucibus.us,457-755-6512,1989
610,Adria Joyner,Summer@Cum.org,838-101-4531,1989
611,Melinda Thompson,Jordan@volutpat.org,642-160-2662,1989
612,Halee Perez,Xyla@lorem.gov,808-506-0308,1990
613,Iola Keller,Joy@aptent.org,332-284-6296,1990
614,Quinn Conrad,Ima@rutrum.gov,755-773-9794,1990
615,Myra Atkins,Jasper@Nullam.org,743-995-3305,1990
616,Florence Moon,Angela@lacus.net,959-072-6835,1990
617,Jillian Lott,Maia@montes.net,063-325-3545,1990
618,Lavinia Washington,Reece@libero.com,325-159-2628,1990
619,Whilemina West,Naomi@Praesent.net,457-533-7185,1990
620,Meredith Sanford,Mason@pulvinar.us,896-334-4229,1991
621,Savannah Bennett,Chase@sed.com,140-433-4547,1991
622,Julie Lopez,Knox@tortor.net,068-209-4821,1991
623,Neve Hoffman,Eric@eros.edu,255-107-2193,1991
624,Maggie Whitaker,Benjamin@tempor.com,853-730-9705,1991
625,Kylan Hancock,Rigel@risus.edu,821-769-8203,1991
626,Madonna Buckley,Ayanna@Quisque.org,196-200-3938,1991
627,Lesley Wells,Tarik@senectus.gov,279-763-4837,1991
628,Amena Graham,Rogan@nec.net,965-030-2866,1992
629,Astra Hicks,Rachel@erat.gov,279-251-9582,1992
630,Bell Witt,Anastasia@feugiat.edu,609-346-6777,1992
631,Minerva Donaldson,Zena@viverra.org,940-465-6124,1992
632,Latifah Myers,Xandra@interdum.net,295-416-4863,1992
633,Lael Harrison,Cora@Duis.edu,506-376-8984,1992
634,Dawn Herring,Regan@ornare.net,971-827-3957,1992
635,Deanna Rivas,Uriel@Aenean.com,807-319-9750,1992
636,Natalie Harris,Zeph@in.us,399-870-1581,1993
637,September Shepherd,Sage@venenatis.com,052-293-7156,1993
638,Paula Cummings,Lucas@conubia.com,238-092-8457,1993
639,Teegan Douglas,Kirk@in.com,641-750-7331,1993
640,Emma Rice,Herman@Maecenas.net,549-713-3864,1993
641,Leandra Townsend,Abigail@sem.gov,482-357-0499,1993
642,Iris Bradley,Isaiah@vehicula.edu,285-950-6136,1993
643,Mona Hess,MacKensie@venenatis.net,063-456-6250,1993
644,Geraldine Sandoval,Nevada@feugiat.com,978-862-9633,1994
645,Angela Hartman,Fuller@pulvinar.edu,485-104-0753,1994
646,Galena Tanner,Maggy@litora.com,800-001-7765,1994
647,Olivia Kidd,Adria@Integer.edu,896-935-3477,1994
648,Ava Michael,Cole@vulputate.edu,832-931-2351,1994
649,Rylee Anthony,Nigel@fermentum.org,351-816-7450,1994
650,Tamara Kinney,Anne@consequat.us,939-707-3228,1994
651,Karly Walsh,Nicole@metus.org,177-126-9571,1995
652,Vanna Kennedy,Kessie@leo.us,826-646-2923,1995
653,Wanda Vinson,Zenia@Quisque.com,272-162-1372,1995
654,Galena Coffey,Wesley@scelerisque.gov,009-447-2155,1995
655,Joan Peters,Lois@lectus.gov,619-050-7156,1995
656,Justina Brennan,Otto@quis.com,221-284-7954,1995
657,Violet Waters,Dominic@venenatis.gov,561-117-7711,1995
658,Cora Weaver,Linus@Cum.edu,975-593-9980,1995
659,Savannah Garza,Brennan@tristique.edu,070-445-2715,1996
660,Abra Schwartz,Orson@feugiat.com,703-569-1850,1996
661,Beatrice Gutierrez,Lisandra@Curae.us,748-493-9350,1996
662,Sigourney Sanford,Debra@id.org,958-009-0774,1996
663,Bertha Kramer,Kylan@Etiam.net,004-928-9777,1996
664,Portia Acevedo,Karly@risus.org,410-846-1380,1996
665,Carissa Schmidt,Nolan@primis.com,753-629-7354,1996
666,Karly Williams,Gabriel@vestibulum.com,874-262-4997,1996
667,Keely Franks,Olympia@cursus.edu,566-963-4370,1997
668,May Lambert,Francis@hendrerit.com,933-562-9576,1997
669,Amber Cooper,Jana@rhoncus.com,584-081-1026,1997
670,MacKenzie Duran,Jelani@hendrerit.gov,133-209-5837,1997
671,Lacota Baxter,Hadley@sit.us,417-827-6696,1997
672,Tasha Holloway,Bevis@volutpat.org,418-349-7984,1997
673,Guinevere Cooke,Ciaran@nonummy.gov,605-368-5924,1997
674,Roanna Guzman,Lars@turpis.org,982-661-3991,1997
675,Illana Graves,Xena@sit.gov,109-939-8270,1998
676,Indigo Howe,Curran@Morbi.com,099-744-6263,1998
677,Carly Pierce,Ginger@purus.net,281-633-3721,1998
678,Mariam Foley,Dustin@dis.edu,514-256-5105,1998
679,Mallory Kramer,Theodore@odio.net,619-988-6223,1998
680,Florence Wolfe,Cassandra@sociosqu.net,572-027-5635,1998
681,Christine Bentley,Cain@ultricies.gov,739-297-5663,1998
682,Violet Hammond,Lars@nulla.net,992-393-3531,1998
683,Zephr Zimmerman,Dacey@in.net,741-320-7166,1999
684,Dorothy Turner,Colt@Cum.edu,753-129-4149,1999
685,Rosalyn Melendez,Tanya@taciti.com,799-510-5352,1999
686,Libby Rowe,Gwendolyn@Curae.us,987-647-9321,1999
687,Angelica Maynard,Ciaran@nibh.net,891-053-3654,1999
688,Donna Fleming,Hashim@Phasellus.net,104-237-8780,1999
689,Karleigh Logan,Shelley@Pellentesque.org,997-117-7572,1999
690,Ifeoma Hahn,Amy@Praesent.us,881-810-6934,1999
691,Aurelia Bernard,Byron@pharetra.edu,053-717-7223,2000
692,Fleur Russo,Aurelia@euismod.com,891-499-2656,2000
693,Roary Hardy,Reese@lobortis.com,328-054-7349,2000
694,Caryn Parrish,Clinton@Duis.net,937-738-4888,2000
695,Vivian Dillard,Stacey@odio.edu,437-381-1817,2000
696,Lysandra Maxwell,Conan@congue.org,824-243-8808,2000
697,Jayme King,Randall@consectetuer.org,964-739-9482,2000
698,Shoshana Silva,Brady@posuere.net,200-936-1529,2001
699,Phyllis Fernandez,Vernon@facilisi.net,883-136-4327,2001
700,Ava Mullins,Kyle@In.org,337-201-6353,2001
701,Donovan Trevino,Miranda@eget.com,127-289-9961,1950
702,Michael Kinney,Samson@diam.com,721-800-7676,1951
703,Melvin Valdez,Odette@fermentum.gov,916-386-4370,1951
704,Bernard Everett,Jelani@egestas.edu,711-278-7766,1952
705,Phillip Lopez,Paki@consequat.org,644-583-4372,1952
706,Brendan Sykes,Catherine@mollis.com,418-245-8996,1953
707,Oleg Justice,John@morbi.com,254-619-7592,1953
708,Xavier Huffman,Scott@fringilla.org,700-200-3911,1954
709,Graiden Cortez,Sasha@porta.org,604-887-0367,1954
710,Chandler Cabrera,Winifred@tempor.us,193-050-8566,1955
711,Erich Hodge,Ishmael@mi.com,149-047-2796,1955
712,Zeus Cantu,Judith@Fusce.us,234-000-2982,1956
713,Salvador Spears,Kirby@augue.gov,521-846-3043,1956
714,Benjamin Briggs,Geoffrey@amet.com,536-937-9056,1957
715,Dennis Huff,Kelly@aliquet.net,299-120-0343,1957
716,Bert Ewing,Darius@laoreet.edu,908-190-0919,1958
717,Vernon Oconnor,Mechelle@id.gov,502-593-8852,1958
718,Cole Thompson,Damon@vestibulum.edu,196-414-1282,1959
719,Axel Wallace,Zahir@velit.org,250-414-4907,1959
720,Alvin Mann,Scarlet@sociis.gov,943-635-3568,1960
721,Ulysses Mcfadden,Aristotle@porta.com,529-627-7904,1960
722,Addison Greer,Austin@In.com,419-368-2674,1961
723,Lyle Herrera,Kaye@parturient.com,276-657-3374,1961
724,Murphy Lloyd,Mari@dis.com,788-479-9082,1962
725,Bruno Barnes,Cheyenne@parturient.us,995-471-4953,1962
726,Cole Solis,Hiroko@condimentum.net,905-031-0586,1963
727,Chester Solis,Felicia@convallis.com,173-066-3697,1964
728,Raymond Thornton,Juliet@ligula.org,447-081-7281,1964
729,Alexander Hooper,Remedios@eu.us,964-081-2697,1965
730,Bradley Kim,Dante@Nunc.gov,625-690-8330,1965
731,Melvin Black,Shelly@id.org,979-309-3427,1966
732,Len Green,Joseph@purus.com,616-146-0712,1966
733,Peter Chaney,Zephania@posuere.org,593-040-7537,1967
734,Jonas Henson,Sean@Etiam.edu,786-254-2852,1967
735,Castor Bartlett,Hu@volutpat.us,717-630-3760,1968
736,Arsenio Garrison,Brittany@natoque.gov,507-808-1051,1968
737,Calvin Sargent,Zenia@consectetuer.com,744-078-5573,1969
738,Akeem Leonard,Kyra@Phasellus.org,875-008-8693,1969
739,Cadman Beach,Zachary@Morbi.edu,649-470-2151,1970
740,Conan Burris,Justine@fermentum.com,409-522-9660,1970
741,Lane Duncan,Levi@et.org,995-486-9864,1971
742,Odysseus Stevenson,Kyra@sapien.net,006-338-9858,1971
743,Darius Valdez,Mary@non.gov,943-483-7773,1972
744,Thor Mercado,Amelia@ultricies.us,203-969-4345,1972
745,Eaton Mcguire,Laura@tellus.us,171-496-3841,1973
746,Bert Fisher,Lucius@pulvinar.net,362-996-7046,1973
747,Herman Collins,Dahlia@sed.us,542-356-7536,1974
748,Nigel Barton,Chava@ipsum.edu,555-079-7138,1974
749,Tucker Bray,Thomas@hymenaeos.org,066-175-4284,1975
750,Austin Mullins,Tana@dapibus.net,405-593-2367,1975
751,Yoshio Gaines,Carter@tellus.us,721-812-4718,1976
752,Hamilton Kidd,Vivien@nascetur.com,037-113-4472,1976
753,Dolan Walls,Todd@aliquet.us,442-232-8564,1977
754,Benedict Cochran,Indigo@Proin.edu,070-459-0445,1977
755,Garrison Black,Ora@Etiam.gov,355-635-4810,1978
756,Walter Booker,Shaine@inceptos.edu,683-815-5865,1978
757,Len Jacobson,Rhonda@per.com,493-337-5974,1979
758,Nathaniel Horne,Jade@pulvinar.com,246-195-8586,1979
759,Kadeem Haney,Dahlia@pellentesque.us,093-428-1614,1980
760,Mason Price,Gail@ante.gov,286-675-0863,1980
761,Gray Reynolds,Cynthia@aliquet.org,770-967-1645,1981
762,Brian Joseph,Allegra@libero.edu,783-386-8024,1981
763,Hyatt Cruz,Donovan@mattis.edu,629-061-5714,1982
764,Daniel Mcclure,Serena@dictum.edu,837-905-2010,1982
765,Thane Simpson,Athena@dictum.edu,297-800-8217,1983
766,Caleb Whitaker,Matthew@per.com,285-986-6277,1983
767,Tyrone Hewitt,Vera@inceptos.gov,612-963-9575,1984
768,Abel Hood,Mariko@pellentesque.com,702-529-2350,1984
769,Elmo Becker,Magee@ullamcorper.gov,176-489-7253,1985
770,Jasper Haney,Riley@arcu.com,861-709-5991,1985
771,Oscar Fuentes,Marvin@vitae.us,433-661-6244,1986
772,Thor Russo,Walker@blandit.gov,051-639-8655,1986
773,Gareth Alexander,Elliott@pede.com,059-794-0415,1987
774,Norman Donaldson,Wade@In.edu,910-986-2169,1988
775,Denton Mercer,Francis@Quisque.net,966-863-7542,1988
776,Joshua Pugh,Brady@Cum.com,096-055-5362,1989
777,Yasir Baldwin,Charissa@inceptos.org,384-083-1715,1989
778,Tiger Gay,Gannon@torquent.edu,124-974-3517,1990
779,Uriah Campbell,Brielle@velit.gov,273-505-0377,1990
780,Patrick Spence,Patricia@ad.us,542-811-2514,1991
781,Luke Patel,Herrod@Maecenas.us,653-218-9979,1991
782,Oscar Douglas,Baker@dignissim.org,789-249-7090,1992
783,Amery Ramirez,Bo@dis.com,766-048-8967,1992
784,Ivor Sherman,Todd@Aenean.org,645-534-9177,1993
785,Mufutau Wallace,Abraham@mollis.org,280-218-9459,1993
786,Upton Vang,Janna@leo.net,765-281-3302,1994
787,Beck Pennington,Finn@pharetra.us,695-337-2006,1994
788,Hilel Ballard,Rajah@risus.org,263-826-9026,1995
789,Jamal Washington,Beverly@nunc.org,842-136-4355,1995
790,Peter Moran,Tanya@augue.com,014-363-5430,1996
791,Wyatt Conway,Denise@taciti.net,832-233-2851,1996
792,Theodore Parks,Kai@sollicitudin.net,077-640-5456,1997
793,Byron Gamble,Wayne@hendrerit.edu,914-895-3638,1997
794,Tate Sanford,Sybill@consectetuer.com,462-620-6336,1998
795,Kenneth Moon,Colt@sed.edu,741-478-6685,1998
796,Lamar Johnson,Burton@natoque.org,449-391-6300,1999
797,Rafael Ellis,Willa@amet.edu,797-007-2189,1999
798,Kevin Huffman,Barry@Aliquam.gov,632-390-5963,2000
799,Lester Velasquez,Zahir@magna.net,163-241-0268,2000
800,Zeus Wilder,Raven@dis.edu,128-429-3411,2001801,tom,abc,1234,2002
801,tom,abc,1234,2002
802,khu,abcd,1234,2021
